id,energy_system_id,significant_energy_use_id,baseline_model_id,ide_id,area_id,energy_use_id,year,month,month_number,real_consumption,consumption_unit,expected_consumption,ide_real,ide_expected,difference,percentage_difference,energy_savings,accumulated_savings,compliance_status,comments,status,created_by,created_at,updated_by,updated_at
1,1,6,1,1,3,6,2024,1,1,7793.28,Litros,7422.175,39.9655,38.0624,371.105,4.9999,0,0.0,compliant,Seguimiento mensual LBEN_CEEA 01/2024,submitted,1,2024-01-28T12:00:00+00:00,2,2024-01-28T12:30:00+00:00
2,1,6,1,1,3,6,2024,2,2,9260.44,Litros,8268.25,44.0973,39.3726,992.19,12.0,0,0.0,warning,Seguimiento mensual LBEN_CEEA 02/2024,reviewed,1,2024-02-28T12:00:00+00:00,2,2024-02-28T12:30:00+00:00
3,1,6,1,1,3,6,2024,3,3,10754.9,Litros,9114.325,47.7996,40.5081,1640.575,18.0,0,0.0,warning,Seguimiento mensual LBEN_CEEA 03/2024,approved,1,2024-03-28T12:00:00+00:00,2,2024-03-28T12:30:00+00:00
4,1,6,1,1,3,6,2024,4,4,10657.63,Litros,9960.4,44.4068,41.5017,697.23,7.0,0,0.0,compliant,Seguimiento mensual LBEN_CEEA 04/2024,draft,1,2024-04-28T12:00:00+00:00,2,2024-04-28T12:30:00+00:00
5,1,6,1,1,3,6,2024,5,5,11130.67,Litros,10806.475,43.6497,42.3783,324.195,3.0,0,0.0,compliant,Seguimiento mensual LBEN_CEEA 05/2024,submitted,1,2024-05-28T12:00:00+00:00,2,2024-05-28T12:30:00+00:00
6,1,6,1,1,3,6,2024,6,6,14216.11,Litros,11652.55,52.6523,43.1576,2563.56,22.0,0,0.0,non_compliant,Seguimiento mensual LBEN_CEEA 06/2024,reviewed,1,2024-06-28T12:00:00+00:00,2,2024-06-28T12:30:00+00:00
7,1,6,1,1,3,6,2024,7,7,11998.68,Litros,12498.625,42.1006,43.8548,-499.945,-4.0,499.94,499.94,compliant,Seguimiento mensual LBEN_CEEA 07/2024,approved,1,2024-07-28T12:00:00+00:00,2,2024-07-28T12:30:00+00:00
8,1,6,1,1,3,6,2024,8,8,15346.4,Litros,13344.7,51.1547,44.4823,2001.7,15.0,0,499.94,warning,Seguimiento mensual LBEN_CEEA 08/2024,draft,1,2024-08-28T12:00:00+00:00,2,2024-08-28T12:30:00+00:00
9,1,6,1,1,3,6,2024,9,9,15467.94,Litros,14190.775,49.1046,45.0501,1277.165,9.0,0,499.94,compliant,Seguimiento mensual LBEN_CEEA 09/2024,submitted,1,2024-09-28T12:00:00+00:00,2,2024-09-28T12:30:00+00:00
10,1,6,1,1,3,6,2024,10,10,16690.9,Litros,15036.85,50.5785,45.5662,1654.05,11.0,0,499.94,warning,Seguimiento mensual LBEN_CEEA 10/2024,reviewed,1,2024-10-28T12:00:00+00:00,2,2024-10-28T12:30:00+00:00
11,1,6,1,1,3,6,2024,11,11,19694.83,Litros,15882.925,57.0865,46.0375,3811.905,24.0,0,499.94,non_compliant,Seguimiento mensual LBEN_CEEA 11/2024,approved,1,2024-11-28T12:00:00+00:00,2,2024-11-28T12:30:00+00:00
12,1,6,1,1,3,6,2024,12,12,16394.42,Litros,16729.0,45.5401,46.4694,-334.58,-2.0,334.58,834.52,compliant,Seguimiento mensual LBEN_CEEA 12/2024,draft,1,2024-12-28T12:00:00+00:00,2,2024-12-28T12:30:00+00:00
13,1,4,2,2,2,4,2024,1,1,9924.39,Litros,9542.6832,1.9396,1.865,381.7068,4.0,0,0.0,compliant,Seguimiento mensual LBEN_CEAM 01/2024,submitted,1,2024-01-28T12:00:00+00:00,2,2024-01-28T12:30:00+00:00
14,1,4,2,2,2,4,2024,2,2,11206.84,Litros,10281.5064,2.0589,1.8889,925.3336,9.0,0,0.0,compliant,Seguimiento mensual LBEN_CEAM 02/2024,reviewed,1,2024-02-28T12:00:00+00:00,2,2024-02-28T12:30:00+00:00
15,1,4,2,2,2,4,2024,3,3,12563.18,Litros,11020.3296,2.1739,1.9069,1542.8504,14.0,0,0.0,warning,Seguimiento mensual LBEN_CEAM 03/2024,approved,1,2024-03-28T12:00:00+00:00,2,2024-03-28T12:30:00+00:00
16,1,4,2,2,2,4,2024,4,4,12464.7,Litros,11759.1528,2.0351,1.9199,705.5472,6.0,0,0.0,compliant,Seguimiento mensual LBEN_CEAM 04/2024,draft,1,2024-04-28T12:00:00+00:00,2,2024-04-28T12:30:00+00:00
17,1,4,2,2,2,4,2024,5,5,12747.94,Litros,12497.976,1.9673,1.9287,249.964,2.0,0,0.0,compliant,Seguimiento mensual LBEN_CEAM 05/2024,submitted,1,2024-05-28T12:00:00+00:00,2,2024-05-28T12:30:00+00:00
18,1,4,2,2,2,4,2024,6,6,15619.42,Litros,13236.7992,2.2819,1.9338,2382.6208,18.0,0,0.0,warning,Seguimiento mensual LBEN_CEAM 06/2024,reviewed,1,2024-06-28T12:00:00+00:00,2,2024-06-28T12:30:00+00:00
19,1,4,2,2,2,4,2024,7,7,13556.35,Litros,13975.6224,1.8778,1.9359,-419.2724,-3.0,419.27,419.27,compliant,Seguimiento mensual LBEN_CEAM 07/2024,approved,1,2024-07-28T12:00:00+00:00,2,2024-07-28T12:30:00+00:00
20,1,4,2,2,2,4,2024,8,8,17804.48,Litros,14714.4456,2.3417,1.9353,3090.0344,21.0,0,419.27,non_compliant,Seguimiento mensual LBEN_CEAM 08/2024,draft,1,2024-08-28T12:00:00+00:00,2,2024-08-28T12:30:00+00:00
21,1,4,2,2,2,4,2024,9,9,16689.53,Litros,15453.2688,2.087,1.9324,1236.2612,8.0,0,419.27,compliant,Seguimiento mensual LBEN_CEAM 09/2024,submitted,1,2024-09-28T12:00:00+00:00,2,2024-09-28T12:30:00+00:00
22,1,4,2,2,2,4,2024,10,10,17811.3,Litros,16192.092,2.1204,1.9276,1619.208,10.0,0,419.27,compliant,Seguimiento mensual LBEN_CEAM 10/2024,reviewed,1,2024-10-28T12:00:00+00:00,2,2024-10-28T12:30:00+00:00
23,1,4,2,2,2,4,2024,11,11,20825.03,Litros,16930.9152,2.363,1.9212,3894.1148,23.0,0,419.27,non_compliant,Seguimiento mensual LBEN_CEAM 11/2024,approved,1,2024-11-28T12:00:00+00:00,2,2024-11-28T12:30:00+00:00
24,1,4,2,2,2,4,2024,12,12,17493.04,Litros,17669.7384,1.8942,1.9133,-176.6984,-1.0,176.7,595.97,compliant,Seguimiento mensual LBEN_CEAM 12/2024,draft,1,2024-12-28T12:00:00+00:00,2,2024-12-28T12:30:00+00:00
25,1,1,3,3,1,1,2024,1,1,18426.7,Litros,17890.0,500.7255,486.1413,536.7,3.0,0,0.0,compliant,Seguimiento mensual LBEN_CALDERA_GLP 01/2024,submitted,1,2024-01-28T12:00:00+00:00,2,2024-01-28T12:30:00+00:00
26,1,1,3,3,1,1,2024,2,2,20290.8,Litros,18280.0,525.6684,473.5751,2010.8,11.0,0,0.0,warning,Seguimiento mensual LBEN_CALDERA_GLP 02/2024,reviewed,1,2024-02-28T12:00:00+00:00,2,2024-02-28T12:30:00+00:00
27,1,1,3,3,1,1,2024,3,3,21843.9,Litros,18670.0,540.6906,462.1287,3173.9,17.0,0,0.0,warning,Seguimiento mensual LBEN_CALDERA_GLP 03/2024,approved,1,2024-03-28T12:00:00+00:00,2,2024-03-28T12:30:00+00:00
28,1,1,3,3,1,1,2024,4,4,20013.0,Litros,19060.0,474.2417,451.6588,953.0,5.0,0,0.0,compliant,Seguimiento mensual LBEN_CALDERA_GLP 04/2024,draft,1,2024-04-28T12:00:00+00:00,2,2024-04-28T12:30:00+00:00
29,1,1,3,3,1,1,2024,5,5,20228.0,Litros,19450.0,459.7273,442.0455,778.0,4.0,0,0.0,compliant,Seguimiento mensual LBEN_CALDERA_GLP 05/2024,submitted,1,2024-05-28T12:00:00+00:00,2,2024-05-28T12:30:00+00:00
30,1,1,3,3,1,1,2024,6,6,29559.6,Litros,24840.0,645.4061,542.3581,4719.6,19.0,0,0.0,warning,Seguimiento mensual LBEN_CALDERA_GLP 06/2024,reviewed,1,2024-06-28T12:00:00+00:00,2,2024-06-28T12:30:00+00:00
31,1,1,3,3,1,1,2024,7,7,24725.4,Litros,25230.0,519.4412,530.042,-504.6,-2.0,504.6,504.6,compliant,Seguimiento mensual LBEN_CALDERA_GLP 07/2024,approved,1,2024-07-28T12:00:00+00:00,2,2024-07-28T12:30:00+00:00
32,1,1,3,3,1,1,2024,8,8,29719.2,Litros,25620.0,601.6032,518.6235,4099.2,16.0,0,504.6,warning,Seguimiento mensual LBEN_CALDERA_GLP 08/2024,draft,1,2024-08-28T12:00:00+00:00,2,2024-08-28T12:30:00+00:00
33,1,1,3,3,1,1,2024,9,9,27830.7,Litros,26010.0,543.5684,508.0078,1820.7,7.0,0,504.6,compliant,Seguimiento mensual LBEN_CALDERA_GLP 09/2024,submitted,1,2024-09-28T12:00:00+00:00,2,2024-09-28T12:30:00+00:00
34,1,1,3,3,1,1,2024,10,10,24182.0,Litros,21400.0,456.2642,403.7736,2782.0,13.0,0,504.6,warning,Seguimiento mensual LBEN_CALDERA_GLP 10/2024,reviewed,1,2024-10-28T12:00:00+00:00,2,2024-10-28T12:30:00+00:00
35,1,1,3,3,1,1,2024,11,11,26365.9,Litros,21790.0,481.1296,397.6277,4575.9,21.0,0,504.6,non_compliant,Seguimiento mensual LBEN_CALDERA_GLP 11/2024,approved,1,2024-11-28T12:00:00+00:00,2,2024-11-28T12:30:00+00:00
36,1,1,3,3,1,1,2024,12,12,21514.6,Litros,22180.0,380.1166,391.8728,-665.4,-3.0,665.4,1170.0,compliant,Seguimiento mensual LBEN_CALDERA_GLP 12/2024,draft,1,2024-12-28T12:00:00+00:00,2,2024-12-28T12:30:00+00:00
37,1,2,4,4,1,2,2024,1,1,9586.73,Litros,9398.753,10.1447,9.9458,187.977,2.0,0,0.0,compliant,Seguimiento mensual LBEN_GEN_GLP 01/2024,submitted,1,2024-01-28T12:00:00+00:00,2,2024-01-28T12:30:00+00:00
38,1,2,4,4,1,2,2024,2,2,10186.39,Litros,9431.846,10.2893,9.5271,754.544,8.0,0,0.0,compliant,Seguimiento mensual LBEN_GEN_GLP 02/2024,reviewed,1,2024-02-28T12:00:00+00:00,2,2024-02-28T12:30:00+00:00
39,1,2,4,4,1,2,2024,3,3,10600.73,Litros,9464.939,10.2423,9.1449,1135.791,12.0,0,0.0,warning,Seguimiento mensual LBEN_GEN_GLP 03/2024,approved,1,2024-03-28T12:00:00+00:00,2,2024-03-28T12:30:00+00:00
40,1,2,4,4,1,2,2024,4,4,9972.93,Litros,9498.032,9.2342,8.7945,474.898,5.0,0,0.0,compliant,Seguimiento mensual LBEN_GEN_GLP 04/2024,draft,1,2024-04-28T12:00:00+00:00,2,2024-04-28T12:30:00+00:00
41,1,2,4,4,1,2,2024,5,5,9817.06,Litros,9531.125,8.7263,8.4721,285.935,3.0,0,0.0,compliant,Seguimiento mensual LBEN_GEN_GLP 05/2024,submitted,1,2024-05-28T12:00:00+00:00,2,2024-05-28T12:30:00+00:00
42,1,2,4,4,1,2,2024,6,6,10998.85,Litros,9564.218,9.4007,8.1745,1434.632,15.0,0,0.0,warning,Seguimiento mensual LBEN_GEN_GLP 06/2024,reviewed,1,2024-06-28T12:00:00+00:00,2,2024-06-28T12:30:00+00:00
43,1,2,4,4,1,2,2024,7,7,9501.34,Litros,9597.311,7.82,7.899,-95.971,-1.0,95.97,95.97,compliant,Seguimiento mensual LBEN_GEN_GLP 07/2024,approved,1,2024-07-28T12:00:00+00:00,2,2024-07-28T12:30:00+00:00
44,1,2,4,4,1,2,2024,8,8,11363.88,Litros,9630.404,9.019,7.6432,1733.476,18.0,0,95.97,warning,Seguimiento mensual LBEN_GEN_GLP 08/2024,draft,1,2024-08-28T12:00:00+00:00,2,2024-08-28T12:30:00+00:00
45,1,2,4,4,1,2,2024,9,9,10243.31,Litros,9663.497,7.8493,7.405,579.813,6.0,0,95.97,compliant,Seguimiento mensual LBEN_GEN_GLP 09/2024,submitted,1,2024-09-28T12:00:00+00:00,2,2024-09-28T12:30:00+00:00
46,1,2,4,4,1,2,2024,10,10,10569.28,Litros,9696.59,7.8291,7.1827,872.69,9.0,0,95.97,compliant,Seguimiento mensual LBEN_GEN_GLP 10/2024,reviewed,1,2024-10-28T12:00:00+00:00,2,2024-10-28T12:30:00+00:00
47,1,2,4,4,1,2,2024,11,11,11675.62,Litros,9729.683,8.3696,6.9747,1945.937,20.0,0,95.97,warning,Seguimiento mensual LBEN_GEN_GLP 11/2024,approved,1,2024-11-28T12:00:00+00:00,2,2024-11-28T12:30:00+00:00
48,1,2,4,4,1,2,2024,12,12,9567.52,Litros,9762.776,6.6441,6.7797,-195.256,-2.0,195.26,291.23,compliant,Seguimiento mensual LBEN_GEN_GLP 12/2024,draft,1,2024-12-28T12:00:00+00:00,2,2024-12-28T12:30:00+00:00
49,1,3,5,5,1,3,2024,1,1,25545.2,Litros,25292.2745,26.7489,26.4841,252.9255,1.0,0,0.0,compliant,Seguimiento mensual LBEN_GEN_DIESEL 01/2024,submitted,1,2024-01-28T12:00:00+00:00,2,2024-01-28T12:30:00+00:00
50,1,3,5,5,1,3,2024,2,2,27075.32,Litros,25304.039,26.8072,25.0535,1771.281,7.0,0,0.0,compliant,Seguimiento mensual LBEN_GEN_DIESEL 02/2024,reviewed,1,2024-02-28T12:00:00+00:00,2,2024-02-28T12:30:00+00:00
51,1,3,5,5,1,3,2024,3,3,28606.86,Litros,25315.8035,26.8609,23.7707,3291.0565,13.0,0,0.0,warning,Seguimiento mensual LBEN_GEN_DIESEL 03/2024,approved,1,2024-03-28T12:00:00+00:00,2,2024-03-28T12:30:00+00:00
52,1,3,5,5,1,3,2024,4,4,26340.67,Litros,25327.568,23.5185,22.6139,1013.102,4.0,0,0.0,compliant,Seguimiento mensual LBEN_GEN_DIESEL 04/2024,draft,1,2024-04-28T12:00:00+00:00,2,2024-04-28T12:30:00+00:00
53,1,3,5,5,1,3,2024,5,5,25846.12,Litros,25339.3325,21.9967,21.5654,506.7875,2.0,0,0.0,compliant,Seguimiento mensual LBEN_GEN_DIESEL 05/2024,submitted,1,2024-05-28T12:00:00+00:00,2,2024-05-28T12:30:00+00:00
54,1,3,5,5,1,3,2024,6,6,29407.27,Litros,25351.097,23.9083,20.6106,4056.173,16.0,0,0.0,warning,Seguimiento mensual LBEN_GEN_DIESEL 06/2024,reviewed,1,2024-06-28T12:00:00+00:00,2,2024-06-28T12:30:00+00:00
55,1,3,5,5,1,3,2024,7,7,24855.6,Litros,25362.8615,19.3429,19.7376,-507.2615,-2.0,507.26,507.26,compliant,Seguimiento mensual LBEN_GEN_DIESEL 07/2024,approved,1,2024-07-28T12:00:00+00:00,2,2024-07-28T12:30:00+00:00
56,1,3,5,5,1,3,2024,8,8,30195.8,Litros,25374.626,22.5342,18.9363,4821.174,19.0,0,507.26,warning,Seguimiento mensual LBEN_GEN_DIESEL 08/2024,draft,1,2024-08-28T12:00:00+00:00,2,2024-08-28T12:30:00+00:00
57,1,3,5,5,1,3,2024,9,9,26655.71,Litros,25386.3905,19.108,18.1981,1269.3195,5.0,0,507.26,compliant,Seguimiento mensual LBEN_GEN_DIESEL 09/2024,submitted,1,2024-09-28T12:00:00+00:00,2,2024-09-28T12:30:00+00:00
58,1,3,5,5,1,3,2024,10,10,27430.01,Litros,25398.155,18.9172,17.516,2031.855,8.0,0,507.26,compliant,Seguimiento mensual LBEN_GEN_DIESEL 10/2024,reviewed,1,2024-10-28T12:00:00+00:00,2,2024-10-28T12:30:00+00:00
59,1,3,5,5,1,3,2024,11,11,31000.1,Litros,25409.9195,20.5981,16.8837,5590.1805,22.0,0,507.26,non_compliant,Seguimiento mensual LBEN_GEN_DIESEL 11/2024,approved,1,2024-11-28T12:00:00+00:00,2,2024-11-28T12:30:00+00:00
60,1,3,5,5,1,3,2024,12,12,25167.47,Litros,25421.684,16.133,16.296,-254.214,-1.0,254.21,761.47,compliant,Seguimiento mensual LBEN_GEN_DIESEL 12/2024,draft,1,2024-12-28T12:00:00+00:00,2,2024-12-28T12:30:00+00:00
